{"0.7511352093402897": 0.7511352093402897, "0.5725785814010026": 0.5725785814010026, "0.6577338132408628": 0.6577338132408628, "0.5726292512733385": 0.7526292512733385, "0.7729031026794007": 0.7729031026794007, "0.6064848065401203": 0.6064848065401203, "0.6256778091021933": 0.6256778091021933, "0.6653859219872297": 0.6653859219872297, "0.5609132468153254": 0.5609132468153254, "0.6103092693029399": 0.6103092693029399, "0.6256652200545837": 0.6256652200545837, "0.6422134972096987": 0.6422134972096987, "0.8038136075846741": 0.8038136075846741, "0.6286875275101504": 0.6286875275101504, "0.6248847981390414": 0.6248847981390414, "0.5732429134814582": 0.5732429134814582, "0.6813249810132247": 0.6813249810132247, "0.6243461687013167": 0.6243461687013167, "0.6576226893233403": 0.6576226893233403, "0.5576303250189456": 0.5576303250189456, "0.7524274660439467": 0.7524274660439467, "0.6627679899130396": 0.6627679899130396, "0.7316441205910661": 0.7316441205910661, "0.574329156065788": 0.574329156065788, "0.7754629494007373": 0.7754629494007373, "0.6795236120065016": 0.6795236120065016, "0.7572322206227": 0.7572322206227, "0.5706803878907944": 0.5706803878907944, "0.7345327452271584": 0.7345327452271584, "0.5896602310385931": 0.5896602310385931, "0.8370594034131013": 0.8370594034131013, "0.690965210463458": 0.690965210463458, "0.7702388071620835": 0.7702388071620835, "0.5731176767610405": 0.5731176767610405, "0.7267545227688529": 0.7267545227688529, "0.604202425684037": 0.604202425684037, "0.669251609932607": 0.669251609932607, "0.5454213934045312": 0.5454213934045312, "0.7395569377429029": 0.7395569377429029, "0.7998277891211903": 0.7998277891211903, "0.6512520702652252": 0.6512520702652252, "0.5336361656462657": 0.5336361656462657, "0.6679261444322016": 0.6679261444322016, "0.6700182820570161": 0.6700182820570161, "0.6794912077591709": 0.6794912077591709, "0.7396294282536628": 0.7396294282536628, "0.7125947988332249": 0.7125947988332249, "0.5735445110472025": 0.5735445110472025, "0.5585645777484641": 0.5585645777484641, "0.635853873175899": 0.635853873175899, "0.7884188649844137": 0.7884188649844137, "0.7845045253998328": 0.7845045253998328, "0.6423003108149127": 0.6423003108149127, "0.7357914544230371": 0.7357914544230371, "0.7659862391347048": 0.7659862391347048, "0.5898198584469793": 0.5898198584469793, "0.6442002743744268": 0.6442002743744268, "0.6666235695686455": 0.6666235695686455, "0.5846058181617022": 0.5846058181617022, "1.3440250588300438": 1.3440250588300438, "0.6255859441838931": 0.6255859441838931, "1.659321706328477": 1.659321706328477, "0.7601221628872632": 0.7601221628872632, "0.6832015550297482": 0.6832015550297482, "0.6600258632126875": 0.6600258632126875, "0.7985071794407551": 0.7985071794407551, "0.5885183066596061": 0.5885183066596061, "0.7358410832181908": 0.7358410832181908, "0.7126870900827168": 0.7126870900827168, "0.8562319843584109": 0.8562319843584109, "0.5624157739576191": 0.5624157739576191, "0.5322819220289986": 0.5322819220289986, "0.573028538021185": 0.573028538021185, "0.6218909670416303": 0.6218909670416303, "0.601368400374018": 0.601368400374018, "0.64748383882711": 0.64748383882711, "0.6870012888284115": 0.6870012888284115, "0.5404417349651639": 0.5404417349651639, "0.680728360618941": 0.680728360618941, "0.6076046691212957": 0.6076046691212957, "0.6909285492777255": 0.6909285492777255, "0.5847079269484079": 0.5847079269484079, "0.6846686553656545": 0.6846686553656545, "0.6577153921115232": 0.6577153921115232, "0.646141270281201": 0.646141270281201, "0.5781840488810936": 0.5781840488810936, "0.6588871949814658": 0.6588871949814658, "0.6485910940310761": 0.6485910940310761, "0.568594720429844": 0.568594720429844, "0.5344366234586345": 0.5344366234586345, "0.6767921829707074": 0.6767921829707074, "0.6666079561473427": 0.6666079561473427, "0.5820072375216121": 0.5820072375216121, "0.6152998889102927": 0.6152998889102927, "0.5477889837451426": 0.5477889837451426, "0.6677917642934689": 0.6677917642934689, "0.6079761432060982": 0.6079761432060982, "0.5782647049989748": 0.5782647049989748, "0.6460853065741894": 0.6460853065741894, "0.5370424666789608": 0.5370424666789608}